,model,gflops,test_loss,test_acc,test_auc
0,VGG,2.996597764,0.6472732066176832,0.7734375,0.855129
