,model,train_loss,train_acc,train_auc,val_loss,val_acc,val_auc
0,VisionTransformer,0.3183002578880405,0.8640899658203125,0.9348204731941223,0.3624494292307645,0.838470458984375,0.9189419746398926
1,VisionTransformer,0.26509011164307594,0.8916816711425781,0.9550297856330872,0.32589453482069075,0.856170654296875,0.9331363439559937
2,VisionTransformer,0.2534393742098473,0.8974533081054688,0.9590378403663635,0.3351659772451967,0.8570556640625,0.9345647692680359
3,VisionTransformer,0.2597405459819129,0.8952407836914062,0.9580790996551514,0.43354965932667255,0.831787109375,0.9321375489234924
4,VisionTransformer,0.2621330500114709,0.895050048828125,0.958151638507843,0.3699285539332777,0.847747802734375,0.9318140745162964
