,model,gflops,test_loss,test_acc,test_auc
0,AlexNet,0.315375492,18961.23721218109,0.6048279,0.79636836
