,model,gflops,test_loss,test_acc,test_auc
0,AlexNet,0.315375492,18965.849529266357,0.60479736,0.7963418
