,model,gflops,test_loss,test_acc,test_auc
0,VGG,5.888873476,1313.6509274467826,0.7652588,0.8497516
