,model,gflops,test_loss,test_acc,test_auc
0,VGG,5.888873476,1412.9738829284906,0.7304077,0.81255805
